"job","SubscriptionRate","Count"
"student",31.4285714285714,875
"retired",25.2325581395349,1720
"unemployed",14.2011834319527,1014
"admin.",12.9725580502783,10422
"management",11.2175102599179,2924
"unknown",11.2121212121212,330
"technician",10.8260418211479,6743
"self-employed",10.4855735397607,1421
"housemaid",10,1060
"entrepreneur",8.51648351648352,1456
"services",8.13807004283195,3969
"blue-collar",6.8943159714718,9254
